job_title,job_link,job_company,job_price,job_demand,job_address
python爬虫工程师,https://www.lagou.com/wn/jobs/10434765.html?show=e52002170e48475c933fb6ea22b4c937,星网志成,12k-18k,经验5-10年 / 大专,武汉・江夏区
python爬虫工程师,https://www.lagou.com/wn/jobs/9419499.html?show=e52002170e48475c933fb6ea22b4c937,O2OMind,15k-20k,经验1-3年 / 本科,深圳・科技园
python爬虫工程师,https://www.lagou.com/wn/jobs/8751961.html?show=e52002170e48475c933fb6ea22b4c937,中国指数研究院,15k-25k,经验3-5年 / 本科,北京・世界公…
Python爬虫实习生,https://www.lagou.com/wn/jobs/9419557.html?show=e52002170e48475c933fb6ea22b4c937,O2OMind,6k-10k,经验在校/应届 / 本科,深圳・南山区
python爬虫工程师,https://www.lagou.com/wn/jobs/8629059.html?show=e52002170e48475c933fb6ea22b4c937,欧N电子商务,20k-40k,经验5-10年 / 大专,深圳・宝安区
python爬虫工程师,https://www.lagou.com/wn/jobs/10282964.html?show=e52002170e48475c933fb6ea22b4c937,中电博亚,15k-20k,经验1-3年 / 本科,北京・海淀区
Python爬虫工程师,https://www.lagou.com/wn/jobs/10328968.html?show=e52002170e48475c933fb6ea22b4c937,发业信息,10k-12k,经验1-3年 / 本科,广州・天河区
python爬虫工程师,https://www.lagou.com/wn/jobs/10184041.html?show=e52002170e48475c933fb6ea22b4c937,麦穗人工智能,5k-9k,经验在校/应届 / 本科,上海・浦东新…
python爬虫工程师,https://www.lagou.com/wn/jobs/10001301.html?show=e52002170e48475c933fb6ea22b4c937,金蝶账无忧,15k-20k,经验1-3年 / 本科,深圳・科技园
python爬虫工程师,https://www.lagou.com/wn/jobs/10392918.html?show=e52002170e48475c933fb6ea22b4c937,泰坦科技,15k-20k,经验3-5年 / 大专,深圳・南油
python爬虫工程师,https://www.lagou.com/wn/jobs/10047138.html?show=e52002170e48475c933fb6ea22b4c937,纳纳科技,15k-25k,经验1-3年 / 本科,上海・虹口区
python爬虫工程师,https://www.lagou.com/wn/jobs/10047134.html?show=e52002170e48475c933fb6ea22b4c937,纳纳科技,15k-20k,经验3-5年 / 本科,上海・虹口区
高级Python爬虫工程师（Insight）,https://www.lagou.com/wn/jobs/7531749.html?show=e52002170e48475c933fb6ea22b4c937,丁香园,15k-25k,经验不限 / 不限,杭州・滨江区
Python爬虫研发工程师,https://www.lagou.com/wn/jobs/9899365.html?show=e52002170e48475c933fb6ea22b4c937,青莲云,15k-20k,经验1-3年 / 本科,北京・亚运村
Python 开发工程师（数据汇聚、爬虫方向）,https://www.lagou.com/wn/jobs/9325986.html?show=e52002170e48475c933fb6ea22b4c937,尔乐美讯文化传播,13k-22k,经验3-5年 / 本科,上海・普陀区
python爬虫工程师,https://www.lagou.com/wn/jobs/10434765.html?show=e52002170e48475c933fb6ea22b4c937,星网志成,12k-18k,经验5-10年 / 大专,武汉・江夏区
python爬虫工程师,https://www.lagou.com/wn/jobs/9419499.html?show=e52002170e48475c933fb6ea22b4c937,O2OMind,15k-20k,经验1-3年 / 本科,深圳・科技园
python爬虫工程师,https://www.lagou.com/wn/jobs/8751961.html?show=e52002170e48475c933fb6ea22b4c937,中国指数研究院,15k-25k,经验3-5年 / 本科,北京・世界公…
Python爬虫实习生,https://www.lagou.com/wn/jobs/9419557.html?show=e52002170e48475c933fb6ea22b4c937,O2OMind,6k-10k,经验在校/应届 / 本科,深圳・南山区
python爬虫工程师,https://www.lagou.com/wn/jobs/8629059.html?show=e52002170e48475c933fb6ea22b4c937,欧N电子商务,20k-40k,经验5-10年 / 大专,深圳・宝安区
python爬虫工程师,https://www.lagou.com/wn/jobs/10282964.html?show=e52002170e48475c933fb6ea22b4c937,中电博亚,15k-20k,经验1-3年 / 本科,北京・海淀区
Python爬虫工程师,https://www.lagou.com/wn/jobs/10328968.html?show=e52002170e48475c933fb6ea22b4c937,发业信息,10k-12k,经验1-3年 / 本科,广州・天河区
python爬虫工程师,https://www.lagou.com/wn/jobs/10184041.html?show=e52002170e48475c933fb6ea22b4c937,麦穗人工智能,5k-9k,经验在校/应届 / 本科,上海・浦东新…
python爬虫工程师,https://www.lagou.com/wn/jobs/10001301.html?show=e52002170e48475c933fb6ea22b4c937,金蝶账无忧,15k-20k,经验1-3年 / 本科,深圳・科技园
python爬虫工程师,https://www.lagou.com/wn/jobs/10392918.html?show=e52002170e48475c933fb6ea22b4c937,泰坦科技,15k-20k,经验3-5年 / 大专,深圳・南油
python爬虫工程师,https://www.lagou.com/wn/jobs/10047138.html?show=e52002170e48475c933fb6ea22b4c937,纳纳科技,15k-25k,经验1-3年 / 本科,上海・虹口区
python爬虫工程师,https://www.lagou.com/wn/jobs/10047134.html?show=e52002170e48475c933fb6ea22b4c937,纳纳科技,15k-20k,经验3-5年 / 本科,上海・虹口区
高级Python爬虫工程师（Insight）,https://www.lagou.com/wn/jobs/7531749.html?show=e52002170e48475c933fb6ea22b4c937,丁香园,15k-25k,经验不限 / 不限,杭州・滨江区
Python爬虫研发工程师,https://www.lagou.com/wn/jobs/9899365.html?show=e52002170e48475c933fb6ea22b4c937,青莲云,15k-20k,经验1-3年 / 本科,北京・亚运村
Python 开发工程师（数据汇聚、爬虫方向）,https://www.lagou.com/wn/jobs/9325986.html?show=e52002170e48475c933fb6ea22b4c937,尔乐美讯文化传播,13k-22k,经验3-5年 / 本科,上海・普陀区
python爬虫工程师,https://www.lagou.com/wn/jobs/9279850.html?show=e52002170e48475c933fb6ea22b4c937,我趣科技,12k-15k,经验3-5年 / 本科,成都・高新区
python爬虫工程师,https://www.lagou.com/wn/jobs/8223974.html?show=e52002170e48475c933fb6ea22b4c937,深算院,9k-18k,经验1-3年 / 本科,深圳・龙华新…
爬虫工程师（python）,https://www.lagou.com/wn/jobs/10348259.html?show=e52002170e48475c933fb6ea22b4c937,诺诺网络科技,15k-25k,经验3-5年 / 本科,杭州・西溪
python爬虫工程师,https://www.lagou.com/wn/jobs/9947197.html?show=e52002170e48475c933fb6ea22b4c937,龙通科技,12k-24k,经验1-3年 / 本科,深圳・华强北
python爬虫工程师 (MJ000506),https://www.lagou.com/wn/jobs/9926994.html?show=e52002170e48475c933fb6ea22b4c937,信飞数科/信用飞/首付游,15k-30k,经验3-5年 / 本科,上海・虹桥
python爬虫工程师,https://www.lagou.com/wn/jobs/9607374.html?show=e52002170e48475c933fb6ea22b4c937,锐思数据,8k-10k,经验在校/应届 / 本科,北京・海淀区
python爬虫工程师,https://www.lagou.com/wn/jobs/10041583.html?show=e52002170e48475c933fb6ea22b4c937,西安小巨人,10k-18k,经验1-3年 / 本科,西安・雁塔区
python爬虫工程师,https://www.lagou.com/wn/jobs/10188499.html?show=e52002170e48475c933fb6ea22b4c937,深圳甜柠檬,7k-14k,经验不限 / 本科,深圳・西乡
python爬虫,https://www.lagou.com/wn/jobs/10263609.html?show=e52002170e48475c933fb6ea22b4c937,听海软件,6k-12k,经验1-3年 / 大专,合肥・高新区
Python爬虫（逆向）,https://www.lagou.com/wn/jobs/10167060.html?show=e52002170e48475c933fb6ea22b4c937,纳纳科技,15k-30k,经验3-5年 / 本科,上海・虹口区
python爬虫工程师,https://www.lagou.com/wn/jobs/10043056.html?show=e52002170e48475c933fb6ea22b4c937,纳纳科技,10k-15k,经验1-3年 / 大专,上海・虹口区
python爬虫,https://www.lagou.com/wn/jobs/9839388.html?show=e52002170e48475c933fb6ea22b4c937,稷生科技,3k-5k,经验在校/应届 / 本科,广州・珠江新…
python爬虫工程师,https://www.lagou.com/wn/jobs/10237923.html?show=e52002170e48475c933fb6ea22b4c937,播鹰科技,10k-20k,经验1-3年 / 大专,杭州・西兴
python爬虫工程师,https://www.lagou.com/wn/jobs/10246667.html?show=e52002170e48475c933fb6ea22b4c937,YipitData,10k-20k,经验1-3年 / 不限,上海・黄浦区
python爬虫工程师（双休+包吃住）,https://www.lagou.com/wn/jobs/10253493.html?show=e52002170e48475c933fb6ea22b4c937,隧唐科技,5k-10k,经验1-3年 / 本科,成都・武侯区
python爬虫实习生,https://www.lagou.com/wn/jobs/9894890.html?show=e52002170e48475c933fb6ea22b4c937,有米科技,2k-3k,经验在校/应届 / 本科,广州・番禺区
python网络爬虫（跨境电商）,https://www.lagou.com/wn/jobs/9792558.html?show=e52002170e48475c933fb6ea22b4c937,迅拓达国际贸易,15k-25k,经验1-3年 / 大专,深圳・龙华新…
python开发工程师/python爬虫工程师,https://www.lagou.com/wn/jobs/10120466.html?show=e52002170e48475c933fb6ea22b4c937,,15k-30k,经验不限 / 大专,深圳・坂田
python爬虫工程师,https://www.lagou.com/wn/jobs/10172819.html?show=e52002170e48475c933fb6ea22b4c937,卓越易升,10k-15k,经验1-3年 / 本科,北京・丰台区
python爬虫工程师,https://www.lagou.com/wn/jobs/10146728.html?show=e52002170e48475c933fb6ea22b4c937,宏能微电子,11k-15k,经验3-5年 / 大专,深圳・科技园
Python爬虫开发,https://www.lagou.com/wn/jobs/10243581.html?show=e52002170e48475c933fb6ea22b4c937,,20k-35k,经验3-5年 / 本科,杭州・近江
python爬虫工程师,https://www.lagou.com/wn/jobs/10324373.html?show=e52002170e48475c933fb6ea22b4c937,,25k-50k,经验1-3年 / 本科,杭州・西湖区
爬虫工程师（python）,https://www.lagou.com/wn/jobs/10115080.html?show=e52002170e48475c933fb6ea22b4c937,,18k-35k,经验不限 / 本科,深圳・龙岗区
python爬虫工程师,https://www.lagou.com/wn/jobs/9749807.html?show=e52002170e48475c933fb6ea22b4c937,拓尔思TRS,10k-16k,经验1-3年 / 本科,北京・朝阳区
python爬虫工程师,https://www.lagou.com/wn/jobs/9958481.html?show=e52002170e48475c933fb6ea22b4c937,蓝图智造,8k-15k,经验1-3年 / 本科,成都・高新区
python爬虫工程师,https://www.lagou.com/wn/jobs/10095171.html?show=e52002170e48475c933fb6ea22b4c937,医赋科技,10k-15k,经验1-3年 / 本科,北京・燕莎
python爬虫工程师,https://www.lagou.com/wn/jobs/9266740.html?show=e52002170e48475c933fb6ea22b4c937,壁虎科技,12k-16k,经验1-3年 / 本科,广州・番禺区
python爬虫工程师-太原,https://www.lagou.com/wn/jobs/9928768.html?show=e52002170e48475c933fb6ea22b4c937,北京筑龙信息技术有限责任公司,8k-12k,经验1-3年 / 本科,太原・小店区
python爬虫开发工程师,https://www.lagou.com/wn/jobs/9809069.html?show=e52002170e48475c933fb6ea22b4c937,厨芯科技,18k-36k,经验3-5年 / 本科,北京・望京
python爬虫工程师,https://www.lagou.com/wn/jobs/9868031.html?show=e52002170e48475c933fb6ea22b4c937,典通资讯,18k-29k,经验1-3年 / 本科,上海・江桥
python中级爬虫工程师,https://www.lagou.com/wn/jobs/9728840.html?show=e52002170e48475c933fb6ea22b4c937,智海创讯,20k-35k,经验1-3年 / 本科,北京・清河
python爬虫工程师,https://www.lagou.com/wn/jobs/9786180.html?show=e52002170e48475c933fb6ea22b4c937,唛壳,15k-25k,经验3-5年 / 本科,深圳・龙华新…
python爬虫工程师,https://www.lagou.com/wn/jobs/9555580.html?show=e52002170e48475c933fb6ea22b4c937,蓝思网络,18k-25k,经验3-5年 / 本科,深圳・龙岗区
python爬虫工程师,https://www.lagou.com/wn/jobs/9581070.html?show=e52002170e48475c933fb6ea22b4c937,蓝思网络,20k-30k,经验3-5年 / 大专,深圳・龙岗区
python爬虫工程师,https://www.lagou.com/wn/jobs/9267297.html?show=e52002170e48475c933fb6ea22b4c937,递一国际物流有限公司,15k-25k,经验3-5年 / 本科,上海・北新泾
python爬虫工程师,https://www.lagou.com/wn/jobs/8199330.html?show=e52002170e48475c933fb6ea22b4c937,云帐房,10k-18k,经验1-3年 / 本科,南京・宁南
python爬虫工程师,https://www.lagou.com/wn/jobs/9897670.html?show=e52002170e48475c933fb6ea22b4c937,海同科技,10k-15k,经验3-5年 / 本科,北京・西城区
python爬虫实习生,https://www.lagou.com/wn/jobs/9849502.html?show=e52002170e48475c933fb6ea22b4c937,光旋科技,4k-6k,经验在校/应届 / 本科,成都・高新区
python爬虫工程师,https://www.lagou.com/wn/jobs/10132269.html?show=e52002170e48475c933fb6ea22b4c937,,15k-25k,经验不限 / 大专,北京・来广营
python爬虫工程师,https://www.lagou.com/wn/jobs/10393237.html?show=e52002170e48475c933fb6ea22b4c937,绿盟科技,3k-5k,经验在校/应届 / 本科,北京・海淀区
python爬虫工程师,https://www.lagou.com/wn/jobs/10332884.html?show=e52002170e48475c933fb6ea22b4c937,IT桔子,2k-4k,经验在校/应届 / 本科,北京・朝阳区
python爬虫实习生,https://www.lagou.com/wn/jobs/10365615.html?show=e52002170e48475c933fb6ea22b4c937,蘑菇街,4k-7k,经验在校/应届 / 本科,杭州・西湖
高级python爬虫工程师,https://www.lagou.com/wn/jobs/10255538.html?show=e52002170e48475c933fb6ea22b4c937,听海软件,15k-25k,经验3-5年 / 大专,合肥・高新区
python爬虫工程师,https://www.lagou.com/wn/jobs/10245338.html?show=e52002170e48475c933fb6ea22b4c937,中思拓研究院,10k-18k,经验1-3年 / 本科,广州・珠江新…
Python爬虫开发 - 实习生,https://www.lagou.com/wn/jobs/9758320.html?show=e52002170e48475c933fb6ea22b4c937,x丰信息,4k-8k,经验在校/应届 / 本科,上海・淮海路
python讲师（爬虫方向）+麓谷+食宿,https://www.lagou.com/wn/jobs/10355966.html?show=e52002170e48475c933fb6ea22b4c937,潭州教育,7k-12k,经验1-3年 / 本科,长沙・岳麓区
python爬虫工程师,https://www.lagou.com/wn/jobs/9493333.html?show=e52002170e48475c933fb6ea22b4c937,浩御文化传媒,10k-15k,经验1-3年 / 本科,上海・静安区
Python爬虫及反爬实习工程师（可转正）,https://www.lagou.com/wn/jobs/9492444.html?show=e52002170e48475c933fb6ea22b4c937,购物党,8k-16k,经验在校/应届 / 本科,南京・南大
python爬虫工程师,https://www.lagou.com/wn/jobs/10246011.html?show=e52002170e48475c933fb6ea22b4c937,中思拓研究院,10k-18k,经验1-3年 / 本科,广州・天河区
python爬虫工程师,https://www.lagou.com/wn/jobs/10255850.html?show=e52002170e48475c933fb6ea22b4c937,基建通国际,8k-15k,经验1-3年 / 本科,成都・武侯区
python爬虫工程师,https://www.lagou.com/wn/jobs/9390868.html?show=e52002170e48475c933fb6ea22b4c937,播动师品牌管理,10k-15k,经验1-3年 / 不限,杭州・余杭区
python爬虫工程师,https://www.lagou.com/wn/jobs/10213678.html?show=e52002170e48475c933fb6ea22b4c937,臣信电商,8k-12k,经验1-3年 / 本科,广州・白云大…
python爬虫工程师,https://www.lagou.com/wn/jobs/7626838.html?show=e52002170e48475c933fb6ea22b4c937,电科网安,13k-20k,经验3-5年 / 本科,成都・双流区
python爬虫工程师,https://www.lagou.com/wn/jobs/9618876.html?show=e52002170e48475c933fb6ea22b4c937,一科互联,20k-40k,经验3-5年 / 不限,深圳・泥岗
python爬虫工程师（数据采集）,https://www.lagou.com/wn/jobs/10042504.html?show=e52002170e48475c933fb6ea22b4c937,华运物流,15k-30k,经验3-5年 / 本科,深圳・泥岗
python爬虫工程师,https://www.lagou.com/wn/jobs/9744634.html?show=e52002170e48475c933fb6ea22b4c937,WPIC,12k-24k,经验3-5年 / 本科,北京・朝阳区
python爬虫工程师,https://www.lagou.com/wn/jobs/7855280.html?show=e52002170e48475c933fb6ea22b4c937,gov buy,5k-10k,经验不限 / 本科,苏州・吴中区
python爬虫工程师,https://www.lagou.com/wn/jobs/10235372.html?show=e52002170e48475c933fb6ea22b4c937,中科全安,10k-20k,经验1-3年 / 本科,北京・五道口
python爬虫工程师,https://www.lagou.com/wn/jobs/9115419.html?show=e52002170e48475c933fb6ea22b4c937,头文科技,15k-25k,经验3-5年 / 本科,广州・番禺区
python爬虫工程师,https://www.lagou.com/wn/jobs/10217727.html?show=e52002170e48475c933fb6ea22b4c937,何如,6k-9k,经验1-3年 / 大专,济南・历城区
Python爬虫实习生,https://www.lagou.com/wn/jobs/9439326.html?show=e52002170e48475c933fb6ea22b4c937,氢元数据,4k-6k,经验在校/应届 / 大专,北京・西二旗
python爬虫实习生,https://www.lagou.com/wn/jobs/8986479.html?show=e52002170e48475c933fb6ea22b4c937,氢元数据,3k-5k,经验在校/应届 / 本科,北京・西二旗
python爬虫工程师,https://www.lagou.com/wn/jobs/8410535.html?show=e52002170e48475c933fb6ea22b4c937,中移在线服务有限公司,16k-22k,经验3-5年 / 本科,郑州・高新区
python爬虫工程师,https://www.lagou.com/wn/jobs/10201325.html?show=e52002170e48475c933fb6ea22b4c937,联亚国际,11k-14k,经验1-3年 / 本科,南京・江宁区
python爬虫工程师,https://www.lagou.com/wn/jobs/9860848.html?show=e52002170e48475c933fb6ea22b4c937,舆途科技,10k-15k,经验3-5年 / 本科,杭州・古荡
python爬虫工程师,https://www.lagou.com/wn/jobs/10183006.html?show=e52002170e48475c933fb6ea22b4c937,智慧星光,7k-14k,经验不限 / 大专,北京・海淀区
python爬虫工程师,https://www.lagou.com/wn/jobs/9949051.html?show=e52002170e48475c933fb6ea22b4c937,名创优品miniso,11k-18k,经验1-3年 / 本科,广州・西关
python爬虫工程师,https://www.lagou.com/wn/jobs/10164460.html?show=e52002170e48475c933fb6ea22b4c937,t风网络,10k-15k,经验1-3年 / 大专,厦门・后溪
python爬虫工程师,https://www.lagou.com/wn/jobs/10160272.html?show=e52002170e48475c933fb6ea22b4c937,动脉网,7k-10k,经验不限 / 本科,重庆・冉家坝
python爬虫工程师,https://www.lagou.com/wn/jobs/10142968.html?show=e52002170e48475c933fb6ea22b4c937,自来科技,7k-12k,经验1-3年 / 本科,深圳・西丽
python爬虫工程师,https://www.lagou.com/wn/jobs/10127848.html?show=e52002170e48475c933fb6ea22b4c937,峰秀信息科技,7k-12k,经验1-3年 / 不限,淮安・淮安区
python爬虫实习工程师,https://www.lagou.com/wn/jobs/9875205.html?show=e52002170e48475c933fb6ea22b4c937,青悦数据,4k-7k,经验在校/应届 / 大专,上海・松江区
python爬虫工程师,https://www.lagou.com/wn/jobs/9569124.html?show=e52002170e48475c933fb6ea22b4c937,中科全安,10k-15k,经验1-3年 / 本科,北京・海淀区
python爬虫工程师(J12282),https://www.lagou.com/wn/jobs/10007200.html?show=e52002170e48475c933fb6ea22b4c937,名创优品miniso,15k-25k,经验3-5年 / 本科,广州・荔湾区
python爬虫工程师,https://www.lagou.com/wn/jobs/9958695.html?show=e52002170e48475c933fb6ea22b4c937,智海创讯,7k-13k,经验1年以下 / 本科,北京・西三旗
Python爬虫实习,https://www.lagou.com/wn/jobs/9003766.html?show=e52002170e48475c933fb6ea22b4c937,桔加信息,2k-4k,经验在校/应届 / 本科,南京・建邺区
python爬虫工程师,https://www.lagou.com/wn/jobs/9714959.html?show=e52002170e48475c933fb6ea22b4c937,星意美,14k-19k,经验3-5年 / 大专,深圳・宝安区
Python 爬虫高级工程师,https://www.lagou.com/wn/jobs/9718865.html?show=e52002170e48475c933fb6ea22b4c937,盈科千信,8k-14k,经验1-3年 / 大专,北京・海淀区
python爬虫工程师,https://www.lagou.com/wn/jobs/9884381.html?show=e52002170e48475c933fb6ea22b4c937,盼库商业,6k-10k,经验在校/应届 / 本科,上海・华漕
python爬虫工程师,https://www.lagou.com/wn/jobs/9915677.html?show=e52002170e48475c933fb6ea22b4c937,知升知识产权代理,10k-18k,经验1-3年 / 本科,杭州・北干
python爬虫工程师,https://www.lagou.com/wn/jobs/9913303.html?show=e52002170e48475c933fb6ea22b4c937,知N科技,10k-18k,经验1-3年 / 本科,上海・方松
python爬虫工程师,https://www.lagou.com/wn/jobs/9791613.html?show=e52002170e48475c933fb6ea22b4c937,麦媒,12k-15k,经验1-3年 / 本科,广州・客村
python爬虫工程师,https://www.lagou.com/wn/jobs/9332767.html?show=e52002170e48475c933fb6ea22b4c937,唐帕信息,10k-15k,经验3-5年 / 本科,杭州・西溪
python爬虫工程师,https://www.lagou.com/wn/jobs/9862690.html?show=e52002170e48475c933fb6ea22b4c937,达同信息,10k-15k,经验3-5年 / 本科,北京・西城区
python爬虫工程师,https://www.lagou.com/wn/jobs/9831266.html?show=e52002170e48475c933fb6ea22b4c937,闻客信息（深圳）有限公司,8k-10k,经验不限 / 本科,广州・赤岗
python爬虫工程师,https://www.lagou.com/wn/jobs/9851197.html?show=e52002170e48475c933fb6ea22b4c937,拓尔思,8k-15k,经验1-3年 / 本科,北京・西直门
python爬虫工程师,https://www.lagou.com/wn/jobs/9730320.html?show=e52002170e48475c933fb6ea22b4c937,中国指数研究院,15k-28k,经验1-3年 / 本科,北京・世界公…
Python初级爬虫工程师,https://www.lagou.com/wn/jobs/8939541.html?show=e52002170e48475c933fb6ea22b4c937,壹沓科技,10k-15k,经验1-3年 / 本科,上海・静安区
python爬虫工程师 可兼职,https://www.lagou.com/wn/jobs/9803404.html?show=e52002170e48475c933fb6ea22b4c937,晶捷网络,10k-20k,经验3-5年 / 本科,保定・南市区
python爬虫工程师,https://www.lagou.com/wn/jobs/9661614.html?show=e52002170e48475c933fb6ea22b4c937,三塔咨询（深圳）有限公司,20k-35k,经验不限 / 本科,深圳・南山区
